/*!40101 SET @OLD_CHARACTER_SET_CLIENT=@@CHARACTER_SET_CLIENT */;
/*!40101 SET @OLD_CHARACTER_SET_RESULTS=@@CHARACTER_SET_RESULTS */;
/*!40101 SET @OLD_COLLATION_CONNECTION=@@COLLATION_CONNECTION */;
/*!40101 SET NAMES utf8 */;
/*!40103 SET @OLD_TIME_ZONE=@@TIME_ZONE */;
/*!40103 SET TIME_ZONE='+00:00' */;
/*!40014 SET @OLD_UNIQUE_CHECKS=@@UNIQUE_CHECKS, UNIQUE_CHECKS=0 */;
/*!40014 SET @OLD_FOREIGN_KEY_CHECKS=@@FOREIGN_KEY_CHECKS, FOREIGN_KEY_CHECKS=0 */;
/*!40101 SET @OLD_SQL_MODE=@@SQL_MODE, SQL_MODE='NO_AUTO_VALUE_ON_ZERO' */;
/*!40111 SET @OLD_SQL_NOTES=@@SQL_NOTES, SQL_NOTES=0 */;

DROP DATABASE IF EXISTS `DBFROTA`;

CREATE DATABASE `DBFROTA`;

USE DBFROTA;

DROP TABLE IF EXISTS `CLIENTE`;
CREATE TABLE `CLIENTE` (
  `CODIGO` int(11) NOT NULL auto_increment,
  `NOME` varchar(30) default NULL,
  `CPF` varchar(11) default NULL,
  `ENDERECO` varchar(60) default NULL,
  `CIDADE` varchar(15) default NULL,
  `TELEFONE` varchar(24) default NULL,
  PRIMARY KEY  (`CODIGO`),
  KEY `CIDADE` (`CIDADE`),
  KEY `TELEFONE` (`TELEFONE`)
) ENGINE=InnoDB DEFAULT CHARSET=latin1;


/*!40000 ALTER TABLE `CLIENTE` DISABLE KEYS */;
LOCK TABLES `CLIENTE` WRITE;
INSERT INTO `CLIENTE` VALUES (1,'Wolverine','98343423456','C-2 LT3 CS143','Chicago','3323-3412'),(2,'Superman','00089765645','C-52 LT10 CS55','Boston','4455-6566'),(3,'Batman','33355544421','D-33 LT7 CS1023','Miami','5555-7699'),(4,'Lanterna Verde','09087645323','Z-3 LT22 CS15','Brasilia','3544-8886'),(5,'Deadpoll','66600066633','D-66 LT6 CS663','Los Angeles','0056-7691');
UNLOCK TABLES;
/*!40000 ALTER TABLE `CLIENTE` ENABLE KEYS */;

SELECT * FROM CLIENTE;

DROP TABLE IF EXISTS `AUTOMOVEL`;
CREATE TABLE `AUTOMOVEL` (
  `CODIGO_AUTOMOVEL` int(11) NOT NULL auto_increment,
  /*`CODIGO_LOCACAO` int(11) default NULL,*/
  `MARCA` varchar(30) default NULL,
  `MODELO` varchar(30) default NULL,
  PRIMARY KEY  (`CODIGO_AUTOMOVEL`),
  KEY `MARCA` (`MARCA`)
  /*KEY `fk_locacao` (`CODIGO_LOCACAO`),
  CONSTRAINT `fk_locacao` FOREIGN KEY (`CODIGO_LOCACAO`) REFERENCES `LOCACAO` (`CODIGO_LOCACAO`)*/
) ENGINE=InnoDB DEFAULT CHARSET=latin1;


/*!40000 ALTER TABLE `AUTOMOVEL` DISABLE KEYS */;
LOCK TABLES `AUTOMOVEL` WRITE;
INSERT INTO `AUTOMOVEL` VALUES (1,'Chevrolet','Cruze'), (2,'Audi','R8'), (3,'Renault','Fluence'), (4,'Fiat','Linea'), (5,'Renault','Duster'), (6,'Chevrolet','Onix'), (7,'Volkswagen','Gol');
UNLOCK TABLES;
/*!40000 ALTER TABLE `AUTOMOVEL` ENABLE KEYS */;

SELECT * FROM AUTOMOVEL;

DROP TABLE IF EXISTS `LOCACAO`;
CREATE TABLE `LOCACAO` (
  `CODIGO_LOCACAO` int(11) NOT NULL auto_increment,  
  `CODIGO` int(11) default NULL,
  `CODIGO_AUTOMOVEL` int(11) default NULL,
  `KM` varchar(10) default NULL,
  `VALOR` double(10,2) default NULL,
  `DATA` datetime default NULL,
  PRIMARY KEY  (`CODIGO_LOCACAO`), 
  KEY `fk_cliente` (`CODIGO`),
  KEY `fk_automovel` (`CODIGO_AUTOMOVEL`),  
  CONSTRAINT `fk_cliente` FOREIGN KEY (`CODIGO`) REFERENCES `CLIENTE` (`CODIGO`),
  CONSTRAINT `fk_automovel` FOREIGN KEY (`CODIGO_AUTOMOVEL`) REFERENCES `AUTOMOVEL` (`CODIGO_AUTOMOVEL`)
) ENGINE=InnoDB DEFAULT CHARSET=latin1;


/*!40000 ALTER TABLE `LOCACAO` DISABLE KEYS */;
LOCK TABLES `LOCACAO` WRITE;
INSERT INTO `LOCACAO` VALUES (1,1,1,'120',25.50,'2005-06-08 00:00:00'),(2,2,2,'60',35.25,'2012-06-04 00:00:00'),(3,3,3,'88',45.50,'2010-10-11 00:00:00'),(4,4,4,'47',33.20,'2015-03-01 00:00:00'),(5,5,5,'73',67.30,'2014-04-04 00:00:00');
UNLOCK TABLES;
/*!40000 ALTER TABLE `LOCACAO` ENABLE KEYS */;

SELECT * FROM LOCACAO;

/*!40101 SET SQL_MODE=@OLD_SQL_MODE */;
/*!40014 SET FOREIGN_KEY_CHECKS=@OLD_FOREIGN_KEY_CHECKS */;
/*!40014 SET UNIQUE_CHECKS=@OLD_UNIQUE_CHECKS */;
/*!40101 SET CHARACTER_SET_CLIENT=@OLD_CHARACTER_SET_CLIENT */;
/*!40101 SET CHARACTER_SET_RESULTS=@OLD_CHARACTER_SET_RESULTS */;
/*!40101 SET COLLATION_CONNECTION=@OLD_COLLATION_CONNECTION */;
/*!40111 SET SQL_NOTES=@OLD_SQL_NOTES */;